"file","section","key","posted_by_discord_user","date","discord_message_link"
"stinging-insects/p1.jpg","stinging-insects","p1","BallisticEnigma","2025-01-04","https://discord.com/channels/1317306272701222923/1317363769680203798/1325174372763303979"
"stinging-insects/p2-1.jpg","stinging-insects","p2","Oransofaraway","2025-01-07","https://discord.com/channels/1317306272701222923/1317363769680203798/1325990501307912332"
"stinging-insects/p2-2.jpg","stinging-insects","p2","Oransofaraway","2025-01-07","https://discord.com/channels/1317306272701222923/1317363769680203798/1325990501307912332"
"stinging-insects/p11-1.jpg","stinging-insects","p11","Oransofaraway","2025-01-20","https://discord.com/channels/1317306272701222923/1317363769680203798/1330747551380410420"
"stinging-insects/p11-2.jpg","stinging-insects","p11","Oransofaraway","2025-01-20","https://discord.com/channels/1317306272701222923/1317363769680203798/1330747551380410420"
"stinging-insects/p33-1.jpg","stinging-insects","p33","frenchboi4056","2025-06-13","https://discord.com/channels/1317306272701222923/1317363769680203798/1383136343911170058"
"stinging-insects/p33-2.jpg","stinging-insects","p33","frenchboi4056","2025-06-13","https://discord.com/channels/1317306272701222923/1317363769680203798/1383136343911170058"
"stinging-insects/p79.jpg","stinging-insects","p79","Jeff","2025-11-04","https://discord.com/channels/1317306272701222923/1317363769680203798/1435296553454801028"
"stinging-insects/p80-1.jpg","stinging-insects","p80","Grateful","2025-11-04","https://discord.com/channels/1317306272701222923/1317363769680203798/1435339692332679188"
"stinging-insects/p80-2.jpg","stinging-insects","p80","Grateful","2025-11-04","https://discord.com/channels/1317306272701222923/1317363769680203798/1435339692332679188"
"stinging-insects/p80-3.jpg","stinging-insects","p80","Grateful","2025-11-04","https://discord.com/channels/1317306272701222923/1317363769680203798/1435339692332679188"
"stinging-insects/p86.jpg","stinging-insects","p86","Isaac","2025-11-08","https://discord.com/channels/1317306272701222923/1317363769680203798/1436752016415391764"
"stinging-insects/p205.jpg","stinging-insects","p205","Sam","2026-08-17","https://discord.com/channels/1317306272701222923/1317363769680203798/1538923110827565086"
"stinging-insects/p306.jpg","stinging-insects","p306","Oransofaraway","2025-07-08","https://discord.com/channels/1317306272701222923/1317313566621171785/1392183563524374569"
"stinging-insects/p522-1.jpg","stinging-insects","p522","Ian","2025-07-02","https://discord.com/channels/1317306272701222923/1317367369802317874/1390074518793490433"
"stinging-insects/p522-2.jpg","stinging-insects","p522","Ian","2025-07-02","https://discord.com/channels/1317306272701222923/1317367369802317874/1390074518793490433"
"stinging-insects/p563-1.jpg","stinging-insects","p563","Guy","2025-11-19","https://discord.com/channels/1317306272701222923/1434765223667040296/1440706116534141029"
"stinging-insects/p563-2.jpg","stinging-insects","p563","Guy","2025-11-19","https://discord.com/channels/1317306272701222923/1434765223667040296/1440706116534141029"
"stinging-insects/p563-3.jpg","stinging-insects","p563","Guy","2025-11-19","https://discord.com/channels/1317306272701222923/1434765223667040296/1440706116534141029"
"stinging-insects/p563-4.jpg","stinging-insects","p563","Guy","2025-11-19","https://discord.com/channels/1317306272701222923/1434765223667040296/1440706116534141029"
"stinging-insects/p563-5.jpg","stinging-insects","p563","Guy","2025-11-19","https://discord.com/channels/1317306272701222923/1434765223667040296/1440706116534141029"
"cockroaches/p4.jpg","cockroaches","p4","Francis","2025-01-08","https://discord.com/channels/1317306272701222923/1317363769680203798/1326690413817626706"
"cockroaches/p7-1.jpg","cockroaches","p7","Hydro","2025-01-13","https://discord.com/channels/1317306272701222923/1317363769680203798/1328412103165476966"
"cockroaches/p7-2.jpg","cockroaches","p7","Hydro","2025-01-13","https://discord.com/channels/1317306272701222923/1317363769680203798/1328412103165476966"
"cockroaches/p454.jpg","cockroaches","p454","Saturniid","2025-05-15","https://discord.com/channels/1317306272701222923/1325187418181206099/1372674509982666805"
"cockroaches/t25.jpg","cockroaches","t25","Mr","2025-02-13","https://discord.com/channels/1317306272701222923/1339363228349763604/1339390275562377237"
"spiders-scorpions/p12.jpg","spiders-scorpions","p12","Agent","2025-01-21","https://discord.com/channels/1317306272701222923/1317363769680203798/1331069176843862086"
"spiders-scorpions/p14.jpg","spiders-scorpions","p14","LTK","2025-02-03","https://discord.com/channels/1317306272701222923/1317363769680203798/1336014797615136829"
"spiders-scorpions/p15.jpg","spiders-scorpions","p15","Sam","2025-02-04","https://discord.com/channels/1317306272701222923/1317363769680203798/1336354138350682143"
"spiders-scorpions/p81.jpg","spiders-scorpions","p81","Jeff","2025-11-06","https://discord.com/channels/1317306272701222923/1317363769680203798/1436066152492306474"
"spiders-scorpions/p82.jpg","spiders-scorpions","p82","Isaac","2025-11-06","https://discord.com/channels/1317306272701222923/1317363769680203798/1436089970216402965"
"spiders-scorpions/p92.jpg","spiders-scorpions","p92","Isaac","2025-11-15","https://discord.com/channels/1317306272701222923/1317363769680203798/1439328566721511735"
"spiders-scorpions/p119-1.jpg","spiders-scorpions","p119","¢ђลž","2026-03-05","https://discord.com/channels/1317306272701222923/1317363769680203798/1479187038770036807"
"spiders-scorpions/p119-2.jpg","spiders-scorpions","p119","¢ђลž","2026-03-05","https://discord.com/channels/1317306272701222923/1317363769680203798/1479187038770036807"
"spiders-scorpions/p121.jpg","spiders-scorpions","p121","ThatTrapperGuy","2026-03-09","https://discord.com/channels/1317306272701222923/1317363769680203798/1480713306569179236"
"spiders-scorpions/p174.jpg","spiders-scorpions","p174","Ty","2026-05-26","https://discord.com/channels/1317306272701222923/1317363769680203798/1508870156305174668"
"spiders-scorpions/p194.jpg","spiders-scorpions","p194","ThatTrapperGuy","2026-07-01","https://discord.com/channels/1317306272701222923/1317363769680203798/1521910384888512663"
"spiders-scorpions/p498.jpg","spiders-scorpions","p498","Oransofaraway","2025-01-07","https://discord.com/channels/1317306272701222923/1317367369802317874/1325991304592752692"
"spiders-scorpions/p499.jpg","spiders-scorpions","p499","Oransofaraway","2025-01-07","https://discord.com/channels/1317306272701222923/1317367369802317874/1325991464282488903"
"ants/p16.jpg","ants","p16","Vakko","2025-02-07","https://discord.com/channels/1317306272701222923/1317363769680203798/1337446285501923332"
"ants/p64.jpg","ants","p64","frenchboi4056","2025-09-04","https://discord.com/channels/1317306272701222923/1317363769680203798/1413251941365973102"
"ants/p65.jpg","ants","p65","frenchboi4056","2025-09-04","https://discord.com/channels/1317306272701222923/1317363769680203798/1413255586405158923"
"ants/p88-1.jpg","ants","p88","Guy","2025-11-10","https://discord.com/channels/1317306272701222923/1317363769680203798/1437451851091148810"
"ants/p88-2.jpg","ants","p88","Guy","2025-11-10","https://discord.com/channels/1317306272701222923/1317363769680203798/1437451851091148810"
"ants/p88-3.jpg","ants","p88","Guy","2025-11-10","https://discord.com/channels/1317306272701222923/1317363769680203798/1437451851091148810"
"ants/p88-4.jpg","ants","p88","Guy","2025-11-10","https://discord.com/channels/1317306272701222923/1317363769680203798/1437451851091148810"
"ants/p97-1.jpg","ants","p97","Ty","2025-12-03","https://discord.com/channels/1317306272701222923/1317363769680203798/1445869324651728997"
"ants/p97-2.jpg","ants","p97","Ty","2025-12-03","https://discord.com/channels/1317306272701222923/1317363769680203798/1445869324651728997"
"ants/p175.jpg","ants","p175","Senior","2026-05-26","https://discord.com/channels/1317306272701222923/1317363769680203798/1508870678323925173"
"ants/p176.jpg","ants","p176","Senior","2026-05-26","https://discord.com/channels/1317306272701222923/1317363769680203798/1508871057153720330"
"ants/p177.jpg","ants","p177","Senior","2026-05-26","https://discord.com/channels/1317306272701222923/1317363769680203798/1508871086769570032"
"ants/p207.jpg","ants","p207","Lady","2026-08-19","https://discord.com/channels/1317306272701222923/1317363769680203798/1539707851654565919"
"ants/p213.jpg","ants","p213","Ty","2026-09-20","https://discord.com/channels/1317306272701222923/1317363769680203798/1551021248774017207"
"ants/p231.jpg","ants","p231","Evanovitz","2025-01-31","https://discord.com/channels/1317306272701222923/1317313566621171785/1334698983200653483"
"ants/p280.jpg","ants","p280","LTK","2025-05-21","https://discord.com/channels/1317306272701222923/1317313566621171785/1374809957761024030"
"ants/p307.jpg","ants","p307","Oransofaraway","2025-07-17","https://discord.com/channels/1317306272701222923/1317313566621171785/1395541525257257011"
"ants/p310-1.jpg","ants","p310","Mune1615","2025-07-21","https://discord.com/channels/1317306272701222923/1317313566621171785/1396978914823245916"
"ants/p310-2.jpg","ants","p310","Mune1615","2025-07-21","https://discord.com/channels/1317306272701222923/1317313566621171785/1396978914823245916"
"ants/p332.jpg","ants","p332","Jeff","2025-11-04","https://discord.com/channels/1317306272701222923/1317313566621171785/1435297302817407198"
"ants/p353-1.jpg","ants","p353","Ty","2026-04-23","https://discord.com/channels/1317306272701222923/1317313566621171785/1496978803585581146"
"ants/p353-2.jpg","ants","p353","Ty","2026-04-23","https://discord.com/channels/1317306272701222923/1317313566621171785/1496978803585581146"
"ants/p353-3.jpg","ants","p353","Ty","2026-04-23","https://discord.com/channels/1317306272701222923/1317313566621171785/1496978803585581146"
"ants/p354.jpg","ants","p354","Ty","2026-04-23","https://discord.com/channels/1317306272701222923/1317313566621171785/1496983001257611436"
"ants/p545-1.jpg","ants","p545","Guy","2026-01-29","https://discord.com/channels/1317306272701222923/1317367369802317874/1466570973972140311"
"ants/p545-2.jpg","ants","p545","Guy","2026-01-29","https://discord.com/channels/1317306272701222923/1317367369802317874/1466570973972140311"
"ants/p545-3.jpg","ants","p545","Guy","2026-01-29","https://discord.com/channels/1317306272701222923/1317367369802317874/1466570973972140311"
"ants/p545-4.jpg","ants","p545","Guy","2026-01-29","https://discord.com/channels/1317306272701222923/1317367369802317874/1466570973972140311"
"ants/p572-1.jpg","ants","p572","Kampfümel","2026-01-28","https://discord.com/channels/1317306272701222923/1434765223667040296/1466165139358220428"
"ants/p572-2.jpg","ants","p572","Kampfümel","2026-01-28","https://discord.com/channels/1317306272701222923/1434765223667040296/1466165139358220428"
"ants/p572-3.jpg","ants","p572","Kampfümel","2026-01-28","https://discord.com/channels/1317306272701222923/1434765223667040296/1466165139358220428"
"ants/p572-4.jpg","ants","p572","Kampfümel","2026-01-28","https://discord.com/channels/1317306272701222923/1434765223667040296/1466165139358220428"
"ants/p572-5.jpg","ants","p572","Kampfümel","2026-01-28","https://discord.com/channels/1317306272701222923/1434765223667040296/1466165139358220428"
"ants/p572-6.jpg","ants","p572","Kampfümel","2026-01-28","https://discord.com/channels/1317306272701222923/1434765223667040296/1466165139358220428"
"ants/p572-7.jpg","ants","p572","Kampfümel","2026-01-28","https://discord.com/channels/1317306272701222923/1434765223667040296/1466165139358220428"
"ants/p572-8.jpg","ants","p572","Kampfümel","2026-01-28","https://discord.com/channels/1317306272701222923/1434765223667040296/1466165139358220428"
"termites-wdo/p158-1.jpg","termites-wdo","p158","Guy","2026-05-06","https://discord.com/channels/1317306272701222923/1317363769680203798/1501677260254609508"
"termites-wdo/p158-2.jpg","termites-wdo","p158","Guy","2026-05-06","https://discord.com/channels/1317306272701222923/1317363769680203798/1501677260254609508"
"termites-wdo/p158-3.jpg","termites-wdo","p158","Guy","2026-05-06","https://discord.com/channels/1317306272701222923/1317363769680203798/1501677260254609508"
"termites-wdo/p164-1.jpg","termites-wdo","p164","Ty","2026-05-17","https://discord.com/channels/1317306272701222923/1317363769680203798/1505696524376608838"
"termites-wdo/p164-2.jpg","termites-wdo","p164","Ty","2026-05-17","https://discord.com/channels/1317306272701222923/1317363769680203798/1505696524376608838"
"termites-wdo/p164-3.jpg","termites-wdo","p164","Ty","2026-05-17","https://discord.com/channels/1317306272701222923/1317363769680203798/1505696524376608838"
"termites-wdo/p296.jpg","termites-wdo","p296","Aionwolf","2025-06-22","https://discord.com/channels/1317306272701222923/1317313566621171785/1386340402675847350"
"termites-wdo/p356-1.jpg","termites-wdo","p356","LTK","2026-05-03","https://discord.com/channels/1317306272701222923/1317313566621171785/1500313828699799652"
"termites-wdo/p356-2.jpg","termites-wdo","p356","LTK","2026-05-03","https://discord.com/channels/1317306272701222923/1317313566621171785/1500313828699799652"
"termites-wdo/p358.jpg","termites-wdo","p358","Isaac","2026-05-07","https://discord.com/channels/1317306272701222923/1317313566621171785/1501780984209870918"
"termites-wdo/t1.jpg","termites-wdo","t1","Supreme","2025-02-14","https://discord.com/channels/1317306272701222923/1339361732728193146/1339775215974223923"
"termites-wdo/t2-1.jpg","termites-wdo","t2","Supreme","2025-02-19","https://discord.com/channels/1317306272701222923/1339361732728193146/1341823922475110481"
"termites-wdo/t2-2.jpg","termites-wdo","t2","Supreme","2025-02-19","https://discord.com/channels/1317306272701222923/1339361732728193146/1341823922475110481"
"termites-wdo/t3-1.jpg","termites-wdo","t3","Supreme","2025-03-11","https://discord.com/channels/1317306272701222923/1339361732728193146/1349163418887786526"
"termites-wdo/t3-2.jpg","termites-wdo","t3","Supreme","2025-03-11","https://discord.com/channels/1317306272701222923/1339361732728193146/1349163418887786526"
"termites-wdo/t4.jpg","termites-wdo","t4","Supreme","2025-03-20","https://discord.com/channels/1317306272701222923/1339361732728193146/1352095284154597447"
"termites-wdo/t5.jpg","termites-wdo","t5","Supreme","2025-03-20","https://discord.com/channels/1317306272701222923/1339361732728193146/1352095435593875557"
"termites-wdo/t7-1.jpg","termites-wdo","t7","Supreme","2025-10-03","https://discord.com/channels/1317306272701222923/1339361732728193146/1423666949292036126"
"termites-wdo/t7-2.jpg","termites-wdo","t7","Supreme","2025-10-03","https://discord.com/channels/1317306272701222923/1339361732728193146/1423666949292036126"
"termites-wdo/t8-1.jpg","termites-wdo","t8","Supreme","2025-10-29","https://discord.com/channels/1317306272701222923/1339361732728193146/1433117140868796436"
"termites-wdo/t8-2.jpg","termites-wdo","t8","Supreme","2025-10-29","https://discord.com/channels/1317306272701222923/1339361732728193146/1433117140868796436"
"termites-wdo/t9-1.jpg","termites-wdo","t9","Tommythereaper","2026-01-04","https://discord.com/channels/1317306272701222923/1339361732728193146/1457459120712978584"
"termites-wdo/t9-2.jpg","termites-wdo","t9","Tommythereaper","2026-01-04","https://discord.com/channels/1317306272701222923/1339361732728193146/1457459120712978584"
"termites-wdo/t9-3.jpg","termites-wdo","t9","Tommythereaper","2026-01-04","https://discord.com/channels/1317306272701222923/1339361732728193146/1457459120712978584"
"termites-wdo/t9-4.jpg","termites-wdo","t9","Tommythereaper","2026-01-04","https://discord.com/channels/1317306272701222923/1339361732728193146/1457459120712978584"
"termites-wdo/p530-1.jpg","termites-wdo","p530","frenchboi4056","2025-08-15","https://discord.com/channels/1317306272701222923/1317367369802317874/1406038851410985122"
"termites-wdo/p530-2.jpg","termites-wdo","p530","frenchboi4056","2025-08-15","https://discord.com/channels/1317306272701222923/1317367369802317874/1406038851410985122"
"termites-wdo/p534.jpg","termites-wdo","p534","Łěğǐǒň","2025-09-15","https://discord.com/channels/1317306272701222923/1317367369802317874/1417185198659076116"
"bed-bugs/p110.jpg","bed-bugs","p110","Isaac","2026-02-14","https://discord.com/channels/1317306272701222923/1317363769680203798/1472306805173522726"
"bed-bugs/p172.jpg","bed-bugs","p172","Ty","2026-05-23","https://discord.com/channels/1317306272701222923/1317363769680203798/1507743809247903875"
"bed-bugs/p230.jpg","bed-bugs","p230","Mr","2025-01-21","https://discord.com/channels/1317306272701222923/1317313566621171785/1331081966207897662"
"stored-product-pests/p70-1.jpg","stored-product-pests","p70","DW","2025-09-12","https://discord.com/channels/1317306272701222923/1317363769680203798/1416192779893342393"
"stored-product-pests/p70-2.jpg","stored-product-pests","p70","DW","2025-09-12","https://discord.com/channels/1317306272701222923/1317363769680203798/1416192779893342393"
"stored-product-pests/p71.jpg","stored-product-pests","p71","Łěğǐǒň","2025-09-12","https://discord.com/channels/1317306272701222923/1317363769680203798/1416194060309237760"
"stored-product-pests/p167-1.jpg","stored-product-pests","p167","Ty","2026-05-20","https://discord.com/channels/1317306272701222923/1317363769680203798/1506686351725035721"
"stored-product-pests/p167-2.jpg","stored-product-pests","p167","Ty","2026-05-20","https://discord.com/channels/1317306272701222923/1317363769680203798/1506686351725035721"
"stored-product-pests/p167-3.jpg","stored-product-pests","p167","Ty","2026-05-20","https://discord.com/channels/1317306272701222923/1317363769680203798/1506686351725035721"
"stored-product-pests/p169-1.jpg","stored-product-pests","p169","Ty","2026-05-20","https://discord.com/channels/1317306272701222923/1317363769680203798/1506691774733881496"
"stored-product-pests/p169-2.jpg","stored-product-pests","p169","Ty","2026-05-20","https://discord.com/channels/1317306272701222923/1317363769680203798/1506691774733881496"
"stored-product-pests/p169-3.jpg","stored-product-pests","p169","Ty","2026-05-20","https://discord.com/channels/1317306272701222923/1317363769680203798/1506691774733881496"
"stored-product-pests/p170-1.jpg","stored-product-pests","p170","Ty","2026-05-20","https://discord.com/channels/1317306272701222923/1317363769680203798/1506770110788931634"
"stored-product-pests/p170-2.jpg","stored-product-pests","p170","Ty","2026-05-20","https://discord.com/channels/1317306272701222923/1317363769680203798/1506770110788931634"
"stored-product-pests/p170-3.jpg","stored-product-pests","p170","Ty","2026-05-20","https://discord.com/channels/1317306272701222923/1317363769680203798/1506770110788931634"
"stored-product-pests/p181-1.jpg","stored-product-pests","p181","Saturniid","2026-06-01","https://discord.com/channels/1317306272701222923/1317363769680203798/1511060594478809119"
"stored-product-pests/p181-2.jpg","stored-product-pests","p181","Saturniid","2026-06-01","https://discord.com/channels/1317306272701222923/1317363769680203798/1511060594478809119"
"stored-product-pests/p181-3.jpg","stored-product-pests","p181","Saturniid","2026-06-01","https://discord.com/channels/1317306272701222923/1317363769680203798/1511060594478809119"
"stored-product-pests/p250.jpg","stored-product-pests","p250","Oransofaraway","2025-04-30","https://discord.com/channels/1317306272701222923/1317313566621171785/1367197903806005331"
"stored-product-pests/p251.jpg","stored-product-pests","p251","Vulkans","2025-04-30","https://discord.com/channels/1317306272701222923/1317313566621171785/1367199803888636046"
"stored-product-pests/p254.jpg","stored-product-pests","p254","¢ђลž","2025-05-01","https://discord.com/channels/1317306272701222923/1317313566621171785/1367518779386494996"
"stored-product-pests/p256-1.jpg","stored-product-pests","p256","¢ђลž","2025-05-01","https://discord.com/channels/1317306272701222923/1317313566621171785/1367548429424922735"
"stored-product-pests/p256-2.jpg","stored-product-pests","p256","¢ђลž","2025-05-01","https://discord.com/channels/1317306272701222923/1317313566621171785/1367548429424922735"
"stored-product-pests/p256-3.jpg","stored-product-pests","p256","¢ђลž","2025-05-01","https://discord.com/channels/1317306272701222923/1317313566621171785/1367548429424922735"
"stored-product-pests/p380-1.jpg","stored-product-pests","p380","Guy","2025-07-12","https://discord.com/channels/1317306272701222923/1317359759564996680/1393612307892011128"
"stored-product-pests/p380-2.jpg","stored-product-pests","p380","Guy","2025-07-12","https://discord.com/channels/1317306272701222923/1317359759564996680/1393612307892011128"
"stored-product-pests/p381.jpg","stored-product-pests","p381","Saturniid","2025-07-12","https://discord.com/channels/1317306272701222923/1317359759564996680/1393613148275085516"
"fabric-pests/p37.jpg","fabric-pests","p37","Saturniid","2025-06-23","https://discord.com/channels/1317306272701222923/1317363769680203798/1386736685139624058"
"flies-gnats/p132.jpg","flies-gnats","p132","Isaac","2026-03-25","https://discord.com/channels/1317306272701222923/1317363769680203798/1486378113943212132"
"flies-gnats/p249.jpg","flies-gnats","p249","LTK","2025-04-30","https://discord.com/channels/1317306272701222923/1317313566621171785/1367145568912015531"
"flies-gnats/p283.jpg","flies-gnats","p283","Mune1615","2025-05-28","https://discord.com/channels/1317306272701222923/1317313566621171785/1377336983839440926"
"flies-gnats/p298-1.jpg","flies-gnats","p298","Mune1615","2025-06-24","https://discord.com/channels/1317306272701222923/1317313566621171785/1387086305678200862"
"flies-gnats/p298-2.jpg","flies-gnats","p298","Mune1615","2025-06-24","https://discord.com/channels/1317306272701222923/1317313566621171785/1387086305678200862"
"flies-gnats/p298-3.jpg","flies-gnats","p298","Mune1615","2025-06-24","https://discord.com/channels/1317306272701222923/1317313566621171785/1387086305678200862"
"mosquito-vector/p288.jpg","mosquito-vector","p288","Jeff","2025-05-30","https://discord.com/channels/1317306272701222923/1317313566621171785/1378135449284902947"
"mosquito-vector/p375-1.jpg","mosquito-vector","p375","Jeff","2025-05-06","https://discord.com/channels/1317306272701222923/1317359759564996680/1369361783965614102"
"mosquito-vector/p375-2.jpg","mosquito-vector","p375","Jeff","2025-05-06","https://discord.com/channels/1317306272701222923/1317359759564996680/1369361783965614102"
"mosquito-vector/p375-3.jpg","mosquito-vector","p375","Jeff","2025-05-06","https://discord.com/channels/1317306272701222923/1317359759564996680/1369361783965614102"
"ticks/p101.jpg","ticks","p101","Saturniid","2026-01-16","https://discord.com/channels/1317306272701222923/1317363769680203798/1461750517284864257"
"occasional-invaders/p52.jpg","occasional-invaders","p52","frenchboi4056","2025-08-11","https://discord.com/channels/1317306272701222923/1317363769680203798/1404469831935197315"
"occasional-invaders/p74-1.jpg","occasional-invaders","p74","LTK","2025-10-26","https://discord.com/channels/1317306272701222923/1317363769680203798/1431833661082304655"
"occasional-invaders/p74-2.jpg","occasional-invaders","p74","LTK","2025-10-26","https://discord.com/channels/1317306272701222923/1317363769680203798/1431833661082304655"
"occasional-invaders/p75.jpg","occasional-invaders","p75","LTK","2025-10-29","https://discord.com/channels/1317306272701222923/1317363769680203798/1433113984843780200"
"occasional-invaders/p100-1.jpg","occasional-invaders","p100","Guy","2026-01-13","https://discord.com/channels/1317306272701222923/1317363769680203798/1460681762173747395"
"occasional-invaders/p100-2.jpg","occasional-invaders","p100","Guy","2026-01-13","https://discord.com/channels/1317306272701222923/1317363769680203798/1460681762173747395"
"occasional-invaders/p100-3.jpg","occasional-invaders","p100","Guy","2026-01-13","https://discord.com/channels/1317306272701222923/1317363769680203798/1460681762173747395"
"occasional-invaders/p100-4.jpg","occasional-invaders","p100","Guy","2026-01-13","https://discord.com/channels/1317306272701222923/1317363769680203798/1460681762173747395"
"occasional-invaders/p100-5.jpg","occasional-invaders","p100","Guy","2026-01-13","https://discord.com/channels/1317306272701222923/1317363769680203798/1460681762173747395"
"occasional-invaders/p100-6.jpg","occasional-invaders","p100","Guy","2026-01-13","https://discord.com/channels/1317306272701222923/1317363769680203798/1460681762173747395"
"occasional-invaders/p100-7.jpg","occasional-invaders","p100","Guy","2026-01-13","https://discord.com/channels/1317306272701222923/1317363769680203798/1460681762173747395"
"occasional-invaders/p111.jpg","occasional-invaders","p111","ThatTrapperGuy","2026-02-17","https://discord.com/channels/1317306272701222923/1317363769680203798/1473415544718754026"
"occasional-invaders/p112.jpg","occasional-invaders","p112","ThatTrapperGuy","2026-02-17","https://discord.com/channels/1317306272701222923/1317363769680203798/1473416363484909670"
"occasional-invaders/p171.jpg","occasional-invaders","p171","Isaac","2026-05-21","https://discord.com/channels/1317306272701222923/1317363769680203798/1507107600309944612"
"occasional-invaders/p179-1.jpg","occasional-invaders","p179","Lady","2026-05-30","https://discord.com/channels/1317306272701222923/1317363769680203798/1510304606532538458"
"occasional-invaders/p179-2.jpg","occasional-invaders","p179","Lady","2026-05-30","https://discord.com/channels/1317306272701222923/1317363769680203798/1510304606532538458"
"occasional-invaders/p189-1.jpg","occasional-invaders","p189","Guy","2026-06-26","https://discord.com/channels/1317306272701222923/1317363769680203798/1520117081188601957"
"occasional-invaders/p189-2.jpg","occasional-invaders","p189","Guy","2026-06-26","https://discord.com/channels/1317306272701222923/1317363769680203798/1520117081188601957"
"occasional-invaders/p189-3.jpg","occasional-invaders","p189","Guy","2026-06-26","https://discord.com/channels/1317306272701222923/1317363769680203798/1520117081188601957"
"occasional-invaders/p189-4.jpg","occasional-invaders","p189","Guy","2026-06-26","https://discord.com/channels/1317306272701222923/1317363769680203798/1520117081188601957"
"occasional-invaders/p189-5.jpg","occasional-invaders","p189","Guy","2026-06-26","https://discord.com/channels/1317306272701222923/1317363769680203798/1520117081188601957"
"occasional-invaders/p189-6.jpg","occasional-invaders","p189","Guy","2026-06-26","https://discord.com/channels/1317306272701222923/1317363769680203798/1520117081188601957"
"occasional-invaders/p189-7.jpg","occasional-invaders","p189","Guy","2026-06-26","https://discord.com/channels/1317306272701222923/1317363769680203798/1520117081188601957"
"occasional-invaders/p189-8.jpg","occasional-invaders","p189","Guy","2026-06-26","https://discord.com/channels/1317306272701222923/1317363769680203798/1520117081188601957"
"occasional-invaders/p309.jpg","occasional-invaders","p309","Mune1615","2025-07-18","https://discord.com/channels/1317306272701222923/1317313566621171785/1395823480355950756"
"occasional-invaders/p505.jpg","occasional-invaders","p505","Kywon","2025-01-14","https://discord.com/channels/1317306272701222923/1317367369802317874/1328581286050267149"
"rodents/p186-1.jpg","rodents","p186","Vulkans","2026-06-15","https://discord.com/channels/1317306272701222923/1317363769680203798/1516109136146862110"
"rodents/p186-2.jpg","rodents","p186","Vulkans","2026-06-15","https://discord.com/channels/1317306272701222923/1317363769680203798/1516109136146862110"
"rodents/p186-3.jpg","rodents","p186","Vulkans","2026-06-15","https://discord.com/channels/1317306272701222923/1317363769680203798/1516109136146862110"
"rodents/p232.jpg","rodents","p232","Evanovitz","2025-02-04","https://discord.com/channels/1317306272701222923/1317313566621171785/1336436873534636164"
"rodents/p233.jpg","rodents","p233","Oransofaraway","2025-02-05","https://discord.com/channels/1317306272701222923/1317313566621171785/1336513461911294063"
"rodents/p290.jpg","rodents","p290","Guy","2025-06-11","https://discord.com/channels/1317306272701222923/1317313566621171785/1382389951756374117"
"rodents/p291.jpg","rodents","p291","Guy","2025-06-11","https://discord.com/channels/1317306272701222923/1317313566621171785/1382391523391307819"
"rodents/p324.jpg","rodents","p324","LTK","2025-10-17","https://discord.com/channels/1317306272701222923/1317313566621171785/1428769376802177085"
"rodents/p325.jpg","rodents","p325","LTK","2025-10-17","https://discord.com/channels/1317306272701222923/1317313566621171785/1428769808425685064"
"rodents/p326.jpg","rodents","p326","Francis","2025-10-17","https://discord.com/channels/1317306272701222923/1317313566621171785/1428773108130779343"
"rodents/p362-1.jpg","rodents","p362","LTK","2026-05-27","https://discord.com/channels/1317306272701222923/1317313566621171785/1508983495220006952"
"rodents/p362-2.jpg","rodents","p362","LTK","2026-05-27","https://discord.com/channels/1317306272701222923/1317313566621171785/1508983495220006952"
"rodents/p495.jpg","rodents","p495","BallisticEnigma","2025-01-04","https://discord.com/channels/1317306272701222923/1317367369802317874/1325166334308384858"
"rodents/p500.jpg","rodents","p500","Agent","2025-01-08","https://discord.com/channels/1317306272701222923/1317367369802317874/1326569656269541476"
"rodents/p502.jpg","rodents","p502","BallisticEnigma","2025-01-09","https://discord.com/channels/1317306272701222923/1317367369802317874/1326922977916354621"
"rodents/p508.jpg","rodents","p508","Anthony","2025-03-06","https://discord.com/channels/1317306272701222923/1317367369802317874/1347216122239520909"
"rodents/p509.jpg","rodents","p509","sketchtheclown","2025-03-07","https://discord.com/channels/1317306272701222923/1317367369802317874/1347680341208465418"
"rodents/p510-1.jpg","rodents","p510","Kampfümel","2025-03-19","https://discord.com/channels/1317306272701222923/1317367369802317874/1351716851607933092"
"rodents/p510-2.jpg","rodents","p510","Kampfümel","2025-03-19","https://discord.com/channels/1317306272701222923/1317367369802317874/1351716851607933092"
"rodents/p512.jpg","rodents","p512","BallisticEnigma","2025-04-15","https://discord.com/channels/1317306272701222923/1317367369802317874/1361832808967966962"
"rodents/p516.jpg","rodents","p516","TAiNT","2025-05-06","https://discord.com/channels/1317306272701222923/1317367369802317874/1369440441069731992"
"rodents/p539.jpg","rodents","p539","Grateful","2025-11-24","https://discord.com/channels/1317306272701222923/1317367369802317874/1442652274165026836"
"rodents/p540.jpg","rodents","p540","BugMan33","2025-11-25","https://discord.com/channels/1317306272701222923/1317367369802317874/1442782802708791359"
"rodents/p541-1.jpg","rodents","p541","VɆⱤ₮Ɇ฿Ɽ₳₭ɆⱤ","2025-11-25","https://discord.com/channels/1317306272701222923/1317367369802317874/1442973417925247076"
"rodents/p541-2.jpg","rodents","p541","VɆⱤ₮Ɇ฿Ɽ₳₭ɆⱤ","2025-11-25","https://discord.com/channels/1317306272701222923/1317367369802317874/1442973417925247076"
"rodents/p542.jpg","rodents","p542","Tommythereaper","2025-11-30","https://discord.com/channels/1317306272701222923/1317367369802317874/1444839274842292386"
"rodents/p555.jpg","rodents","p555","frenchboi4056","2026-05-27","https://discord.com/channels/1317306272701222923/1317367369802317874/1509321341445210233"
"rodents/p556.jpg","rodents","p556","frenchboi4056","2026-06-13","https://discord.com/channels/1317306272701222923/1317367369802317874/1515462290663674038"
"rodents/p571.jpg","rodents","p571","Tommythereaper","2026-01-12","https://discord.com/channels/1317306272701222923/1434765223667040296/1460397421220856073"
"rodents/t33-1.jpg","rodents","t33","LTK","2025-02-14","https://discord.com/channels/1317306272701222923/1339367453075181598/1340091254930673765"
"rodents/t33-2.jpg","rodents","t33","LTK","2025-02-14","https://discord.com/channels/1317306272701222923/1339367453075181598/1340091254930673765"
"rodents/t33-3.jpg","rodents","t33","LTK","2025-02-14","https://discord.com/channels/1317306272701222923/1339367453075181598/1340091254930673765"
"rodents/t33-4.jpg","rodents","t33","LTK","2025-02-14","https://discord.com/channels/1317306272701222923/1339367453075181598/1340091254930673765"
"rodents/t33-5.jpg","rodents","t33","LTK","2025-02-14","https://discord.com/channels/1317306272701222923/1339367453075181598/1340091254930673765"
"rodents/t33-6.jpg","rodents","t33","LTK","2025-02-14","https://discord.com/channels/1317306272701222923/1339367453075181598/1340091254930673765"
"rodents/t33-7.jpg","rodents","t33","LTK","2025-02-14","https://discord.com/channels/1317306272701222923/1339367453075181598/1340091254930673765"
"rodents/t33-8.jpg","rodents","t33","LTK","2025-02-14","https://discord.com/channels/1317306272701222923/1339367453075181598/1340091254930673765"
"rodents/t34-1.jpg","rodents","t34","Samo","2025-02-15","https://discord.com/channels/1317306272701222923/1339367453075181598/1340170608201306122"
"rodents/t34-2.jpg","rodents","t34","Samo","2025-02-15","https://discord.com/channels/1317306272701222923/1339367453075181598/1340170608201306122"
"rodents/t34-3.jpg","rodents","t34","Samo","2025-02-15","https://discord.com/channels/1317306272701222923/1339367453075181598/1340170608201306122"
"rodents/t34-4.jpg","rodents","t34","Samo","2025-02-15","https://discord.com/channels/1317306272701222923/1339367453075181598/1340170608201306122"
"rodents/t34-5.jpg","rodents","t34","Samo","2025-02-15","https://discord.com/channels/1317306272701222923/1339367453075181598/1340170608201306122"
"wildlife/p236.jpg","wildlife","p236","LTK","2025-03-14","https://discord.com/channels/1317306272701222923/1317313566621171785/1350130112439517285"
"wildlife/p237.jpg","wildlife","p237","BallisticEnigma","2025-03-14","https://discord.com/channels/1317306272701222923/1317313566621171785/1350221167541354546"
"wildlife/p268.jpg","wildlife","p268","Jeff","2025-05-13","https://discord.com/channels/1317306272701222923/1317313566621171785/1371963529325973615"
"wildlife/p269.jpg","wildlife","p269","Jeff","2025-05-13","https://discord.com/channels/1317306272701222923/1317313566621171785/1371963864689803286"
"wildlife/p272-1.jpg","wildlife","p272","Oransofaraway","2025-05-15","https://discord.com/channels/1317306272701222923/1317313566621171785/1372666957719142442"
"wildlife/p272-2.jpg","wildlife","p272","Oransofaraway","2025-05-15","https://discord.com/channels/1317306272701222923/1317313566621171785/1372666957719142442"
"wildlife/p276.jpg","wildlife","p276","Jeff","2025-05-19","https://discord.com/channels/1317306272701222923/1317313566621171785/1374049553606508657"
"wildlife/p277.jpg","wildlife","p277","Oransofaraway","2025-05-19","https://discord.com/channels/1317306272701222923/1317313566621171785/1374050240738627615"
"wildlife/p315.jpg","wildlife","p315","Ty","2025-08-11","https://discord.com/channels/1317306272701222923/1317313566621171785/1404430598256464015"
"wildlife/p363.jpg","wildlife","p363","LTK","2026-05-27","https://discord.com/channels/1317306272701222923/1317313566621171785/1508983784937361458"
"wildlife/p504.jpg","wildlife","p504","Łěğǐǒň","2025-01-14","https://discord.com/channels/1317306272701222923/1317367369802317874/1328535420199505931"
"wildlife/p546-1.jpg","wildlife","p546","Ian","2026-01-30","https://discord.com/channels/1317306272701222923/1317367369802317874/1466920980176961630"
"wildlife/p546-2.jpg","wildlife","p546","Ian","2026-01-30","https://discord.com/channels/1317306272701222923/1317367369802317874/1466920980176961630"
"wildlife/p546-3.jpg","wildlife","p546","Ian","2026-01-30","https://discord.com/channels/1317306272701222923/1317367369802317874/1466920980176961630"
"wildlife/p546-4.jpg","wildlife","p546","Ian","2026-01-30","https://discord.com/channels/1317306272701222923/1317367369802317874/1466920980176961630"
"wildlife/p546-5.jpg","wildlife","p546","Ian","2026-01-30","https://discord.com/channels/1317306272701222923/1317367369802317874/1466920980176961630"
"wildlife/p546-6.jpg","wildlife","p546","Ian","2026-01-30","https://discord.com/channels/1317306272701222923/1317367369802317874/1466920980176961630"
"bats-birds/p394-1.jpg","bats-birds","p394","LTK","2026-09-03","https://discord.com/channels/1317306272701222923/1317359759564996680/1544865317300215819"
"bats-birds/p394-2.jpg","bats-birds","p394","LTK","2026-09-03","https://discord.com/channels/1317306272701222923/1317359759564996680/1544865317300215819"
"bats-birds/p394-3.jpg","bats-birds","p394","LTK","2026-09-03","https://discord.com/channels/1317306272701222923/1317359759564996680/1544865317300215819"
"bats-birds/p396.jpg","bats-birds","p396","Ian","2026-09-03","https://discord.com/channels/1317306272701222923/1317359759564996680/1544872320382926868"
"bats-birds/p478.jpg","bats-birds","p478","Vulkans","2026-03-24","https://discord.com/channels/1317306272701222923/1325187418181206099/1486114948433055885"
"bats-birds/p479.jpg","bats-birds","p479","Vulkans","2026-03-24","https://discord.com/channels/1317306272701222923/1325187418181206099/1486115324645605496"
"bats-birds/p483.jpg","bats-birds","p483","Guy","2026-05-18","https://discord.com/channels/1317306272701222923/1325187418181206099/1505957994620260523"
"exclusion/p424.jpg","exclusion","p424","Vakko","2025-03-03","https://discord.com/channels/1317306272701222923/1325187418181206099/1346163870393438330"
"exclusion/p425.jpg","exclusion","p425","Vakko","2025-03-03","https://discord.com/channels/1317306272701222923/1325187418181206099/1346163877708038195"
"exclusion/p426.jpg","exclusion","p426","Vakko","2025-03-03","https://discord.com/channels/1317306272701222923/1325187418181206099/1346163885253591081"
"exclusion/p427.jpg","exclusion","p427","Vakko","2025-03-03","https://discord.com/channels/1317306272701222923/1325187418181206099/1346163891465355365"
"exclusion/p428.jpg","exclusion","p428","Vakko","2025-03-03","https://discord.com/channels/1317306272701222923/1325187418181206099/1346163896997777549"
"exclusion/p429.jpg","exclusion","p429","Vakko","2025-03-03","https://discord.com/channels/1317306272701222923/1325187418181206099/1346163938697412694"
"exclusion/p430.jpg","exclusion","p430","Vakko","2025-03-03","https://discord.com/channels/1317306272701222923/1325187418181206099/1346163953260171464"
"exclusion/p431.jpg","exclusion","p431","Vakko","2025-03-03","https://discord.com/channels/1317306272701222923/1325187418181206099/1346163963632681090"
"exclusion/p473.jpg","exclusion","p473","SasquatchPCTX","2026-03-04","https://discord.com/channels/1317306272701222923/1325187418181206099/1478594540859293766"
"exclusion/p474.jpg","exclusion","p474","SasquatchPCTX","2026-03-04","https://discord.com/channels/1317306272701222923/1325187418181206099/1478594557737435188"
"exclusion/p475.jpg","exclusion","p475","SasquatchPCTX","2026-03-04","https://discord.com/channels/1317306272701222923/1325187418181206099/1478594653199536302"
"exclusion/p476.jpg","exclusion","p476","SasquatchPCTX","2026-03-04","https://discord.com/channels/1317306272701222923/1325187418181206099/1478594743637377164"
"exclusion/p477.jpg","exclusion","p477","LTK","2026-03-10","https://discord.com/channels/1317306272701222923/1325187418181206099/1480969449891692674"
"exclusion/p549-1.jpg","exclusion","p549","Isaac","2026-03-14","https://discord.com/channels/1317306272701222923/1317367369802317874/1482455939947696168"
"exclusion/p549-2.jpg","exclusion","p549","Isaac","2026-03-14","https://discord.com/channels/1317306272701222923/1317367369802317874/1482455939947696168"
"exclusion/p549-3.jpg","exclusion","p549","Isaac","2026-03-14","https://discord.com/channels/1317306272701222923/1317367369802317874/1482455939947696168"
"exclusion/p549-4.jpg","exclusion","p549","Isaac","2026-03-14","https://discord.com/channels/1317306272701222923/1317367369802317874/1482455939947696168"
"exclusion/p549-5.jpg","exclusion","p549","Isaac","2026-03-14","https://discord.com/channels/1317306272701222923/1317367369802317874/1482455939947696168"
"exclusion/p549-6.jpg","exclusion","p549","Isaac","2026-03-14","https://discord.com/channels/1317306272701222923/1317367369802317874/1482455939947696168"
"exclusion/p549-7.jpg","exclusion","p549","Isaac","2026-03-14","https://discord.com/channels/1317306272701222923/1317367369802317874/1482455939947696168"
"exclusion/p549-8.jpg","exclusion","p549","Isaac","2026-03-14","https://discord.com/channels/1317306272701222923/1317367369802317874/1482455939947696168"
"exclusion/p551-1.jpg","exclusion","p551","Greg","2026-03-14","https://discord.com/channels/1317306272701222923/1317367369802317874/1482463145195995217"
"exclusion/p551-2.jpg","exclusion","p551","Greg","2026-03-14","https://discord.com/channels/1317306272701222923/1317367369802317874/1482463145195995217"
"exclusion/p552-1.jpg","exclusion","p552","Greg","2026-03-14","https://discord.com/channels/1317306272701222923/1317367369802317874/1482463211843354685"
"exclusion/p552-2.jpg","exclusion","p552","Greg","2026-03-14","https://discord.com/channels/1317306272701222923/1317367369802317874/1482463211843354685"
"sanitation-conducive/p378.jpg","sanitation-conducive","p378","LTK","2025-05-07","https://discord.com/channels/1317306272701222923/1317359759564996680/1369669849596559370"
"sanitation-conducive/p405-1.jpg","sanitation-conducive","p405","LTK","2025-01-14","https://discord.com/channels/1317306272701222923/1325187418181206099/1328765918809034782"
"sanitation-conducive/p405-2.jpg","sanitation-conducive","p405","LTK","2025-01-14","https://discord.com/channels/1317306272701222923/1325187418181206099/1328765918809034782"
"sanitation-conducive/p405-3.jpg","sanitation-conducive","p405","LTK","2025-01-14","https://discord.com/channels/1317306272701222923/1325187418181206099/1328765918809034782"
"sanitation-conducive/p405-4.jpg","sanitation-conducive","p405","LTK","2025-01-14","https://discord.com/channels/1317306272701222923/1325187418181206099/1328765918809034782"
"sanitation-conducive/p405-5.jpg","sanitation-conducive","p405","LTK","2025-01-14","https://discord.com/channels/1317306272701222923/1325187418181206099/1328765918809034782"
"sanitation-conducive/p408.jpg","sanitation-conducive","p408","Vakko","2025-01-24","https://discord.com/channels/1317306272701222923/1325187418181206099/1332374578252480595"
"sanitation-conducive/p409.jpg","sanitation-conducive","p409","Vakko","2025-01-24","https://discord.com/channels/1317306272701222923/1325187418181206099/1332374589476438189"
"sanitation-conducive/p410.jpg","sanitation-conducive","p410","Vakko","2025-01-24","https://discord.com/channels/1317306272701222923/1325187418181206099/1332374605888880703"
"sanitation-conducive/p411.jpg","sanitation-conducive","p411","Vakko","2025-01-24","https://discord.com/channels/1317306272701222923/1325187418181206099/1332374623031132182"
"sanitation-conducive/p413.jpg","sanitation-conducive","p413","Vakko","2025-01-24","https://discord.com/channels/1317306272701222923/1325187418181206099/1332374658808545380"
"sanitation-conducive/p446.jpg","sanitation-conducive","p446","Francis","2025-03-26","https://discord.com/channels/1317306272701222923/1325187418181206099/1354414112855162920"
"sanitation-conducive/p449.jpg","sanitation-conducive","p449","barkingowl","2025-04-04","https://discord.com/channels/1317306272701222923/1325187418181206099/1357616171112992898"
"sanitation-conducive/p453.jpg","sanitation-conducive","p453","Jeff","2025-05-07","https://discord.com/channels/1317306272701222923/1325187418181206099/1369668106204745788"
"sanitation-conducive/p459.jpg","sanitation-conducive","p459","Hydro","2025-08-22","https://discord.com/channels/1317306272701222923/1325187418181206099/1408597908495929455"
"sanitation-conducive/p461.jpg","sanitation-conducive","p461","barkingowl","2025-10-31","https://discord.com/channels/1317306272701222923/1325187418181206099/1433688964635820052"
"commercial-monitoring/p264.jpg","commercial-monitoring","p264","Oransofaraway","2025-05-12","https://discord.com/channels/1317306272701222923/1317313566621171785/1371590257375711324"
"commercial-monitoring/p265-1.jpg","commercial-monitoring","p265","Ian","2025-05-13","https://discord.com/channels/1317306272701222923/1317313566621171785/1371863407011168438"
"commercial-monitoring/p265-2.jpg","commercial-monitoring","p265","Ian","2025-05-13","https://discord.com/channels/1317306272701222923/1317313566621171785/1371863407011168438"
"commercial-monitoring/p265-3.jpg","commercial-monitoring","p265","Ian","2025-05-13","https://discord.com/channels/1317306272701222923/1317313566621171785/1371863407011168438"
"commercial-monitoring/p265-4.jpg","commercial-monitoring","p265","Ian","2025-05-13","https://discord.com/channels/1317306272701222923/1317313566621171785/1371863407011168438"
"commercial-monitoring/p265-5.jpg","commercial-monitoring","p265","Ian","2025-05-13","https://discord.com/channels/1317306272701222923/1317313566621171785/1371863407011168438"
"commercial-monitoring/p266-1.jpg","commercial-monitoring","p266","Ian","2025-05-13","https://discord.com/channels/1317306272701222923/1317313566621171785/1371864694595387603"
"commercial-monitoring/p266-2.jpg","commercial-monitoring","p266","Ian","2025-05-13","https://discord.com/channels/1317306272701222923/1317313566621171785/1371864694595387603"
"commercial-monitoring/p266-3.jpg","commercial-monitoring","p266","Ian","2025-05-13","https://discord.com/channels/1317306272701222923/1317313566621171785/1371864694595387603"
"commercial-monitoring/p448.jpg","commercial-monitoring","p448","Agent","2025-03-27","https://discord.com/channels/1317306272701222923/1325187418181206099/1354911087501508818"
"commercial-monitoring/p471.jpg","commercial-monitoring","p471","Doc","2026-01-13","https://discord.com/channels/1317306272701222923/1325187418181206099/1460433657683771452"
"fumigation/p345-1.jpg","fumigation","p345","MrShadyKills","2026-03-04","https://discord.com/channels/1317306272701222923/1317313566621171785/1478881542012010536"
"fumigation/p345-2.jpg","fumigation","p345","MrShadyKills","2026-03-04","https://discord.com/channels/1317306272701222923/1317313566621171785/1478881542012010536"
"fumigation/p346.jpg","fumigation","p346","MrShadyKills","2026-03-04","https://discord.com/channels/1317306272701222923/1317313566621171785/1478882889583038549"
"fumigation/p347.jpg","fumigation","p347","Cosmicjello","2026-03-05","https://discord.com/channels/1317306272701222923/1317313566621171785/1479164990685712456"
"fumigation/p598.jpg","fumigation","p598","Cosmicjello","2026-07-16","https://discord.com/channels/1317306272701222923/1434765223667040296/1527427571116146860"
"crawlspace/p238.jpg","crawlspace","p238","Deleted","2025-03-21","https://discord.com/channels/1317306272701222923/1317313566621171785/1352625865279668256"
"crawlspace/p503.jpg","crawlspace","p503","Oransofaraway","2025-01-10","https://discord.com/channels/1317306272701222923/1317367369802317874/1327136779278749738"
"gear/g1.jpg","gear","g1","Kora","2025-01-11","https://discord.com/channels/1317306272701222923/1317313827410542622/1327664876335792318"
"gear/g3.jpg","gear","g3","Kywon","2025-01-14","https://discord.com/channels/1317306272701222923/1317313827410542622/1328576226834776134"
"gear/g4-1.jpg","gear","g4","Łěğǐǒň","2025-01-23","https://discord.com/channels/1317306272701222923/1317313827410542622/1332017083718041600"
"gear/g4-2.jpg","gear","g4","Łěğǐǒň","2025-01-23","https://discord.com/channels/1317306272701222923/1317313827410542622/1332017083718041600"
"gear/g6.jpg","gear","g6","Ian","2025-03-06","https://discord.com/channels/1317306272701222923/1317313827410542622/1347220322515943454"
"gear/g7.jpg","gear","g7","BallisticEnigma","2025-03-14","https://discord.com/channels/1317306272701222923/1317313827410542622/1350221429123059774"
"gear/g11.jpg","gear","g11","Jeff","2025-04-18","https://discord.com/channels/1317306272701222923/1317313827410542622/1362581440755138591"
"gear/g12-1.jpg","gear","g12","Łěğǐǒň","2025-05-03","https://discord.com/channels/1317306272701222923/1317313827410542622/1368055698201772073"
"gear/g12-2.jpg","gear","g12","Łěğǐǒň","2025-05-03","https://discord.com/channels/1317306272701222923/1317313827410542622/1368055698201772073"
"gear/g12-3.jpg","gear","g12","Łěğǐǒň","2025-05-03","https://discord.com/channels/1317306272701222923/1317313827410542622/1368055698201772073"
"gear/g12-4.jpg","gear","g12","Łěğǐǒň","2025-05-03","https://discord.com/channels/1317306272701222923/1317313827410542622/1368055698201772073"
"gear/g12-5.jpg","gear","g12","Łěğǐǒň","2025-05-03","https://discord.com/channels/1317306272701222923/1317313827410542622/1368055698201772073"
"gear/g13.jpg","gear","g13","Łěğǐǒň","2025-05-23","https://discord.com/channels/1317306272701222923/1317313827410542622/1375604144747970722"
"gear/g14-1.jpg","gear","g14","Trey","2025-05-29","https://discord.com/channels/1317306272701222923/1317313827410542622/1377666086551420939"
"gear/g14-2.jpg","gear","g14","Trey","2025-05-29","https://discord.com/channels/1317306272701222923/1317313827410542622/1377666086551420939"
"gear/g19.jpg","gear","g19","Łěğǐǒň","2025-07-01","https://discord.com/channels/1317306272701222923/1317313827410542622/1389678512033628251"
"gear/g26-1.jpg","gear","g26","Łěğǐǒň","2025-10-20","https://discord.com/channels/1317306272701222923/1317313827410542622/1429966123704520856"
"gear/g26-2.jpg","gear","g26","Łěğǐǒň","2025-10-20","https://discord.com/channels/1317306272701222923/1317313827410542622/1429966123704520856"
"gear/g27.jpg","gear","g27","Greg","2026-03-18","https://discord.com/channels/1317306272701222923/1317313827410542622/1483867796717703190"
"gear/g30-1.jpg","gear","g30","Greg","2026-03-26","https://discord.com/channels/1317306272701222923/1317313827410542622/1486517715022647399"
"gear/g30-2.jpg","gear","g30","Greg","2026-03-26","https://discord.com/channels/1317306272701222923/1317313827410542622/1486517715022647399"
"gear/g31.jpg","gear","g31","Greg","2026-04-03","https://discord.com/channels/1317306272701222923/1317313827410542622/1489746566771245067"
"gear/g34.jpg","gear","g34","Greg","2026-04-09","https://discord.com/channels/1317306272701222923/1317313827410542622/1491622918701060096"
"gear/g35.jpg","gear","g35","Greg","2026-04-09","https://discord.com/channels/1317306272701222923/1317313827410542622/1491622926523437258"
"gear/g37.jpg","gear","g37","Jeff","2026-04-13","https://discord.com/channels/1317306272701222923/1317313827410542622/1493245667894755398"
"gear/g38.jpg","gear","g38","Greg","2026-04-13","https://discord.com/channels/1317306272701222923/1317313827410542622/1493254952544374925"
"gear/g39.jpg","gear","g39","Greg","2026-04-20","https://discord.com/channels/1317306272701222923/1317313827410542622/1495900175011418114"
"gear/g46.jpg","gear","g46","Greg","2026-09-21","https://discord.com/channels/1317306272701222923/1317313827410542622/1551653603305852928"
"gear/g47-1.jpg","gear","g47","Greg","2026-09-21","https://discord.com/channels/1317306272701222923/1317313827410542622/1551711206501523486"
"gear/g47-2.jpg","gear","g47","Greg","2026-09-21","https://discord.com/channels/1317306272701222923/1317313827410542622/1551711206501523486"
"gear/g48.jpg","gear","g48","Greg","2026-09-23","https://discord.com/channels/1317306272701222923/1317313827410542622/1552456179563634780"